Município;Região;População (2022);PIB (2023, R$);PIB per capita (R$);Receita do município (2024, R$);Receita por habitante (R$);Código IBGE
Campo Grande;Sudeste;898100;42269768000;47066;6172023368;6872;5002704
Dourados;Sudoeste;243367;20257953000;83240;1849580497;7600;5003702
Três Lagoas;Nordeste;132152;14761816000;111703;1365263374;10331;5008305
Corumbá;Noroeste;96268;4187429000;43498;1047198649;10878;5003207
Ponta Porã;Sudoeste;92017;6069790000;65964;743832488;8084;5006606
Naviraí;Sudeste;50457;3670207000;72739;408805780;8102;5005707
Nova Andradina;Sudeste;48563;3568745000;73487;407917693;8400;5006200
Sidrolândia;Sudoeste;47118;4102346000;87065;449627316;9543;5007901
Aquidauana;Noroeste;46803;1437451000;30713;357735762;7643;5001102
Maracaju;Sudoeste;45047;5921262000;131446;432690199;9605;5005400
Paranaíba;Nordeste;40957;2012106000;49127;352011436;8595;5006309
Amambai;Sudoeste;39325;2426261000;61698;298979804;7603;5000609
Rio Brilhante;Sudoeste;37601;3833911000;101963;374279859;9954;5007208
Coxim;Noroeste;32151;1400833000;43570;296885601;9234;5003306
Chapadão do Sul;Nordeste;30993;3329527000;107428;368979049;11905;5002951
Caarapó;Sudoeste;30612;2553085000;83401;265281982;8666;5002407
São Gabriel do Oeste;Nordeste;29579;2883850000;97497;347197833;11738;5007695
Ivinhema;Sudeste;27821;2005469000;72085;270953344;9739;5004700
Aparecida do Taboado;Nordeste;27674;2189222000;79108;273864261;9896;5001003
Costa Rica;Nordeste;26037;3341491000;128336;299016828;11484;5003256
Miranda;Noroeste;25536;782435000;30640;177096563;6935;5005608
Itaporã;Sudoeste;24137;1525654000;63208;172456408;7145;5004502
Anastácio;Sudoeste;24114;783841000;32506;156761310;6501;5000708
Jardim;Sudoeste;23981;1130237000;47131;185471897;7734;5005004
Bonito;Sudoeste;23659;1586577000;67060;265178443;11208;5002209
Ribas do Rio Pardo;Nordeste;23150;3353286000;144850;366287202;15822;5007109
Bataguassu;Sudeste;23031;1841917000;79976;172262905;7480;5001904
Nova Alvorada do Sul;Sudeste;21822;2592615000;118807;206800312;9477;5006002
Bela Vista;Sudoeste;21613;1176300000;54426;183205513;8477;5002100
Ladário;Noroeste;21522;420685000;19547;154682275;7187;5005202
Cassilândia;Nordeste;20988;1059973000;50504;214513664;10221;5002902
Fátima do Sul;Sudeste;20609;769333000;37330;142992372;6938;5003801
Rio Verde de Mato Grosso;Noroeste;19818;926597000;46755;188652117;9519;5007406
Itaquiraí;Sudeste;19423;1546553000;79625;181498638;9345;5004601
Mundo Novo;Sudeste;19193;1018195000;53050;150712089;7852;5005681
Terenos;Noroeste;17652;1348544000;76396;161535408;9151;5008008
Água Clara;Nordeste;16741;1544633000;92266;263801675;15758;5000203
Sonora;Nordeste;14516;1489093000;102583;184793751;12730;5007935
Coronel Sapucaia;Sudoeste;14289;388241000;27171;131628420;9212;5003157
Iguatemi;Sudeste;13808;962593000;69713;137652440;9969;5004304
Deodápolis;Sudeste;13663;712633000;52158;118635802;8683;5003454
Camapuã;Nordeste;13583;872276000;64218;152342029;11216;5002605
Nioaque;Sudoeste;13220;618784000;46807;124699868;9433;5005806
Paranhos;Sudoeste;12921;371183000;28727;130787504;10122;5006358
Porto Murtinho;Sudoeste;12859;571511000;44444;207201717;16113;5006903
Brasilândia;Sudeste;11579;1159417000;100131;147861022;12770;5002308
Eldorado;Sudeste;11386;704592000;61882;109617990;9627;5003751
Dois Irmãos do Buriti;Noroeste;11100;456777000;41151;105225183;9480;5003488
Sete Quedas;Sudoeste;10994;493949000;44929;88186358;8021;5007703
Tacuru;Sudoeste;10808;378151000;34988;103169758;9546;5007950
Aral Moreira;Sudoeste;10748;1348752000;125489;104663960;9738;5001243
Angélica;Sudeste;10729;1243471000;115898;119538111;11142;5000856
Batayporã;Sudeste;10712;784829000;73266;93876409;8764;5002001
Glória de Dourados;Sudeste;10444;449930000;43080;81652829;7818;5004007
Guia Lopes da Laguna;Sudoeste;9940;477600000;48048;76322502;7678;5004106
Antônio João;Sudoeste;9303;851781000;91560;105807814;11374;5000906
Bodoquena;Noroeste;8567;386420000;45106;110239015;12868;5002159
Inocência;Nordeste;8404;946307000;112602;160434232;19090;5004403
Japorã;Sudeste;8148;242175000;29722;78973770;9692;5004809
Selvíria;Nordeste;8142;2691218000;330535;127706172;15685;5007802
Bandeirantes;Nordeste;7940;1001346000;126114;97332482;12258;5001508
Anaurilândia;Sudeste;7653;623710000;81499;84341265;11021;5000807
Jaraguari;Nordeste;7139;717701000;100532;78392690;10981;5004908
Santa Rita do Pardo;Sudeste;7027;642967000;91500;111577535;15878;5007554
Pedro Gomes;Nordeste;6941;460934000;66407;74228498;10694;5006408
Laguna Carapã;Sudoeste;6799;1257650000;184976;93819589;13799;5005251
Juti;Sudeste;6729;517930000;76970;75390872;11204;5005152
Vicentina;Sudeste;6336;384734000;60722;76806177;12122;5008404
Douradina;Sudoeste;5578;259999000;46612;79391923;14233;5003504
Paraíso das Águas;Nordeste;5510;1389706000;252215;125177997;22718;5006275
Rochedo;Noroeste;5199;352337000;67770;77541883;14915;5007505
Caracol;Sudoeste;5036;251148000;49871;74384683;14771;5002803
Rio Negro;Noroeste;4841;170386000;35196;62273638;12864;5007307
Corguinho;Noroeste;4783;172551000;36076;71540118;14957;5003108
Novo Horizonte do Sul;Sudeste;4721;450886000;95506;69821770;14790;5006259
Alcinópolis;Nordeste;4537;384368000;84719;96575741;21286;5000252
Taquarussu;Sudeste;3625;215369000;59412;72111962;19893;5007976
Jateí;Sudeste;3586;729978000;203563;92962006;25924;5005103
Figueirão;Nordeste;3539;186835000;52793;73540930;20780;5003900
